<?xml version="1.0" encoding="UTF-8"?>
<extract_about_property_room>
    <details_statement>
        <group_top_requisites>
            <organ_registr_rights>Филиал публично-правовой компании "Роскадастр" по Санкт-Петербургу
            </organ_registr_rights>
            <date_formation>2000-12-22</date_formation>
            <registration_number>КУВИ-001/2003-1234567</registration_number>
        </group_top_requisites>
    </details_statement>
    <details_request>
        <date_received_request>2000-12-222</date_received_request>
        <date_receipt_request_reg_authority_rights>2000-12-22</date_receipt_request_reg_authority_rights>
    </details_request>
    <room_record>
        <record_info>
            <registration_date>2000-00-29T12:33:25+04:00</registration_date>
        </record_info>
        <object>
            <common_data>
                <cad_number>00:14:0000000:0000</cad_number>
                <quarter_cad_number>78:14:0007543</quarter_cad_number>
                <type>
                    <code>000000000000</code>
                    <value>room_record</value>
                </type>
            </common_data>
        </object>
        <cad_links>
            <parent_cad_number>
                <cad_number>77:00:0000000:2003</cad_number>
            </parent_cad_number>
            <old_numbers>
                <old_number>
                    <number_type>
                        <code>03</code>
                        <value>Кадастровый номер</value>
                    </number_type>
                    <number>77:10:1234:1:1:1234</number>
                </old_number>
                <old_number>
                    <number_type>
                        <code>02</code>
                        <value>Условный номер</value>
                    </number_type>
                    <number>123456</number>
                </old_number>
            </old_numbers>
        </cad_links>
        <params>
            <area>15.5</area>
            <name>Квартира</name>
            <purpose>
                <code>100000000000</code>
                <value>Жилое помещение</value>
            </purpose>
            <type>
                <code>100000000000</code>
                <value>Квартира</value>
            </type>
            <common_property>false</common_property>
            <service>false</service>
        </params>
        <address_room>
            <address>
                <address>
                    <address_fias>
                        <level_settlement>
                            <okato>1000000000</okato>
                            <kladr>77000000000000000</kladr>
                            <region>
                                <code>71</code>
                                <value>Кукушкино</value>
                            </region>
                        </level_settlement>
                        <detailed_level>
                            <street>
                                <type_street>ул</type_street>
                                <name_street>Ленина</name_street>
                            </street>
                            <level1>
                                <type_level1>д</type_level1>
                                <name_level1>110</name_level1>
                            </level1>
                            <level3>
                                <type_level3>литера</type_level3>
                                <name_level3>А</name_level3>
                            </level3>
                            <apartment>
                                <type_apartment>кв</type_apartment>
                                <name_apartment>5</name_apartment>
                            </apartment>
                        </detailed_level>
                    </address_fias>
                    <readable_address>,Кукушкино ул. Ленина, д. 110, кв. 5</readable_address>
                </address>
                <location>
                    <okato>1000000000</okato>
                    <region>
                        <code>77</code>
                        <value>,</value>
                    </region>
                </location>
            </address>
        </address_room>
        <location_in_build>
            <level>
                <floor_type>
                    <code>01</code>
                    <value>Этаж</value>
                </floor_type>
                <floor>7</floor>
                <plans>
                    <plan>
                        <file_link>/01.71.111.10/ArchiveGUOKS/77_14/ГУП
                            _ГУИОН_/1111/1111111/1111111_01_01-1234_а_7.jpg
                        </file_link>
                        <file_ref>
                            <file_storage_path>
                                <path>
                                    123455-dffd-1234-12345/EXT_FILE
                                </path>
                            </file_storage_path>
                        </file_ref>
                    </plan>
                </plans>
            </level>
        </location_in_build>
        <cost>
            <value>46748.49</value>
        </cost>
    </room_record>
    <right_records>
        <right_record>
            <record_info>
                <registration_date>2000-01-30T11:58:32+03:00</registration_date>
            </record_info>
            <right_data>
                <right_type>
                    <code>100000000000</code>
                    <value>Общая долевая собственность</value>
                </right_type>
                <right_number>777-77/034-78/089/064/2015-49/1</right_number>
                <share_description>1/4</share_description>
            </right_data>
            <right_holders>
                <right_holder>
                    <individual>
                        <surname>Кукушкина</surname>
                        <name>Фекла</name>
                        <patronymic>Петровна</patronymic>
                    </individual>
                </right_holder>
            </right_holders>
        </right_record>
        <right_record>
            <record_info>
                <registration_date>2000-01-30T11:58:32+03:00</registration_date>
            </record_info>
            <right_data>
                <right_type>
                    <code>100000000000</code>
                    <value>Общая долевая собственность</value>
                </right_type>
                <right_number>777-77/034-78/089/064/2015-49/1</right_number>
                <share_description>1/4</share_description>
            </right_data>
            <right_holders>
                <right_holder>
                    <individual>
                        <surname>Кукушкина</surname>
                        <name>Фекла</name>
                        <patronymic>Петровна</patronymic>
                    </individual>
                </right_holder>
            </right_holders>
        </right_record>
        <right_record>
            <record_info>
                <registration_date>2000-01-30T11:58:32+03:00</registration_date>
            </record_info>
            <right_data>
                <right_type>
                    <code>100000000000</code>
                    <value>Общая долевая собственность</value>
                </right_type>
                <right_number>777-77/034-78/089/064/2015-49/1</right_number>
                <share_description>1/4</share_description>
            </right_data>
            <right_holders>
                <right_holder>
                    <individual>
                        <surname>Кукушкин</surname>
                        <name>Федор</name>
                        <patronymic>Пантелеймонович</patronymic>
                    </individual>
                </right_holder>
            </right_holders>
        </right_record>
        <right_record>
            <record_info>
                <registration_date>2000-01-30T11:58:32+03:00</registration_date>
            </record_info>
            <right_data>
                <right_type>
                    <code>100000000000</code>
                    <value>Общая долевая собственность</value>
                </right_type>
                <right_number>777-77/034-78/089/064/2015-49/1</right_number>
                <share_description>1/4</share_description>
            </right_data>
            <right_holders>
                <right_holder>
                    <individual>
                        <surname>Кукушкина</surname>
                        <name>Фекла</name>
                        <patronymic>Петровна</patronymic>
                    </individual>
                </right_holder>
            </right_holders>
        </right_record>
    </right_records>
    <recipient_statement>Иванова Марфа</recipient_statement>
    <status>Сведения об объекте недвижимости имеют статус "актуальные, ранее учтенные"</status>
</extract_about_property_room>